{"cameraMode":{"drawMode":0,"name":"Shaded","section":"Shading Mode"},"sceneLighting":false,"audioPlay":false,"sceneViewState":{"m_AlwaysRefresh":false,"showFog":true,"showSkybox":false,"showFlares":true,"showImageEffects":true,"showParticleSystems":true,"showVisualEffectGraphs":true,"m_FxEnabled":true},"in2DMode":false,"pivot":{"x":-0.38485825061798098,"y":0.40380778908729555,"z":0.3198721408843994},"rotation":{"x":-0.08746644854545593,"y":0.6889472007751465,"z":-0.08435177803039551,"w":-0.7146072387695313},"size":0.7709588408470154,"orthographic":false}