{"cameraMode":{"drawMode":0,"name":"Shaded","section":"Shading Mode"},"sceneLighting":false,"audioPlay":false,"sceneViewState":{"m_AlwaysRefresh":false,"showFog":true,"showSkybox":false,"showFlares":true,"showImageEffects":true,"showParticleSystems":true,"showVisualEffectGraphs":true,"m_FxEnabled":true},"in2DMode":false,"pivot":{"x":0.5029904842376709,"y":1.737559199333191,"z":-0.06682094186544419},"rotation":{"x":-0.18802213668823243,"y":0.6738333702087402,"z":-0.18345299363136292,"w":-0.6906182765960693},"size":2.3324475288391115,"orthographic":false}