{"cameraMode":{"drawMode":0,"name":"Shaded","section":"Shading Mode"},"sceneLighting":true,"audioPlay":false,"sceneViewState":{"m_AlwaysRefresh":false,"showFog":true,"showSkybox":true,"showFlares":true,"showImageEffects":true,"showParticleSystems":true,"showVisualEffectGraphs":true,"m_FxEnabled":true},"in2DMode":false,"pivot":{"x":0.9444018006324768,"y":0.28724250197410586,"z":3.8682212829589845},"rotation":{"x":-0.008391480892896653,"y":0.5599149465560913,"z":0.005781845189630985,"w":0.828550398349762},"size":0.8660253882408142,"orthographic":false}