{"cameraMode":{"drawMode":0,"name":"Shaded","section":"Shading Mode"},"sceneLighting":true,"audioPlay":false,"sceneViewState":{"m_AlwaysRefresh":false,"showFog":true,"showSkybox":true,"showFlares":true,"showImageEffects":true,"showParticleSystems":true,"showVisualEffectGraphs":true,"m_FxEnabled":true},"in2DMode":false,"pivot":{"x":26.30868148803711,"y":10.815377235412598,"z":-16.824718475341798},"rotation":{"x":-0.006721127778291702,"y":0.9916202425956726,"z":-0.11535534262657166,"w":-0.05777671933174133},"size":25.263294219970704,"orthographic":false}