{"cameraMode":{"drawMode":0,"name":"Shaded","section":"Shading Mode"},"sceneLighting":true,"audioPlay":false,"sceneViewState":{"m_AlwaysRefresh":false,"showFog":true,"showSkybox":true,"showFlares":true,"showImageEffects":true,"showParticleSystems":true,"showVisualEffectGraphs":true,"m_FxEnabled":true},"in2DMode":false,"pivot":{"x":5.862295627593994,"y":0.38619565963745119,"z":6.353086948394775},"rotation":{"x":-0.10776467621326447,"y":-0.1940700262784958,"z":0.021459948271512986,"w":-0.9748634696006775},"size":2.305119514465332,"orthographic":false}